{"cameraMode":{"drawMode":0,"name":"Shaded","section":"Shading Mode"},"sceneLighting":false,"audioPlay":false,"sceneViewState":{"showFog":true,"showMaterialUpdate":false,"showSkybox":false,"showFlares":true,"showImageEffects":true,"showParticleSystems":true},"in2DMode":false,"pivot":{"x":0.04363187402486801,"y":0.16508987545967103,"z":0.1831653118133545},"rotation":{"x":0.009507445618510247,"y":-0.9890990257263184,"z":0.07372285425662995,"w":0.12741149961948396},"size":0.6511610746383667,"orthographic":false}