{"cameraMode":{"drawMode":0,"name":"Shaded","section":"Shading Mode"},"sceneLighting":false,"audioPlay":false,"sceneViewState":{"showFog":true,"showMaterialUpdate":false,"showSkybox":false,"showFlares":true,"showImageEffects":true,"showParticleSystems":true},"in2DMode":false,"pivot":{"x":-0.010068178176879883,"y":0.2820623517036438,"z":-0.0011876821517944337},"rotation":{"x":0.04737529531121254,"y":-0.01916578970849514,"z":0.000888235226739198,"w":0.998725414276123},"size":0.6201189756393433,"orthographic":false}