{"cameraMode":{"drawMode":0,"name":"Shaded","section":"Shading Mode"},"sceneLighting":false,"audioPlay":false,"sceneViewState":{"showFog":true,"showMaterialUpdate":false,"showSkybox":false,"showFlares":true,"showImageEffects":true,"showParticleSystems":true},"in2DMode":false,"pivot":{"x":0.09377938508987427,"y":0.5613274574279785,"z":0.28234511613845827},"rotation":{"x":-0.06053338572382927,"y":-0.03262301906943321,"z":-0.0019908214453607799,"w":0.9976686239242554},"size":0.7651376128196716,"orthographic":false}